Item / scenario,Period,China · RMB,China · USD,US · USD,US / China,China saving vs US (%),"Comparison, calculation and sources"
Home purchase [local-home scenario],purchase,900000.00,125999.24,330000.00,2.62,61.8,"China: round the RMB 878,000 indexed 92.45 m² Pidu listing to a RMB 900,000 prototype; corroborating listing near RMB 950,000. CIH's 52.4% below RMB 1m identifies a median below RMB 1m, not precisely RMB 900,000. Houston: HAR August 2026 single-family sold median US$330,000, with a 151 m² Magnolia listing around that price. Purchase ratio = 330,000×7.1429/900,000 = 2.6191. More US space/private land remains part of the local bundle. Neither is an occupied-stock median. The main US size example is151 m²; the wider151–178 m² audit range also includes a Katy home still under construction. Closing costs excluded. [58 listing feed](https://cd.58.com/fangjia/36117/), [Anjuke individual listing](https://chengdu.anjuke.com/prop/view/S4756984643280899), [Magnolia HAR listing](https://www.har.com/homedetail/7900-spring-run-dr-magnolia-tx-77354/15283865) [Home purchase — China price/specification source](https://www.cih-index.com/report/detail/126130.html), [Home purchase — US price/specification source](https://www.har.com/content/department/mls?print=1)"
Rent incl fixed fees,month,2200.00,308.00,1225.00,3.98,74.9,"China: RMB 2,000 selected base-rent budget + RMB 200 assumed fixed fees =2,200. US: $1,100 selected base rent +$125 assumed fixed fees =1,225. Furnished Chinese apartment versus usually larger unfurnished US apartment; fees are not verified lease totals. Selected one-adult apartments, not city medians. Utilities excluded. [Rent incl fixed fees — China price/specification source](https://www.ziroomapartment.com/houseType/getDetail/2c923996850ad87001852ea049213a73.html), [Rent incl fixed fees — US price/specification source](https://www.monarchatmedicalcenter.com/floorplans)"
Car,purchase,145800.00,20411.88,40874.38,2.00,50.1,"China: 2025 Yuan PLUS Excellence RMB 145,800 VAT inclusive, then eligible purchase-tax exemption. US: ($36,975 MSRP +$1,495 freight)×1.0625 =$40,874.375. China converts to $20,411.88; saving =1−20,411.88/40,874.375 =50.06%. Five-seat EVs of similar size/power/battery; BYD has extra comfort features. CLTC/EPA range and independent crash/reliability evidence are not matched. [Hyundai window sticker hosted by a California dealer — national MSRP/freight components; Texas tax separately modeled](https://www.northbayhyundai.com/api/vhcliaa/inventory/30879/window-sticker?dealerCode=CA02A&make=Hyundai&sv=SwBNADgASABDADMAQQA2ADMAUwBVADAAMwAxADYANgA3AA%3D%3D&vehicleType=N), [Texas vehicle tax](https://comptroller.texas.gov/taxes/publications/96-254/tax-rates.php), [China purchase-tax announcement](https://www.chinatax.gov.cn/eng/c102962/c102967/c103002/c5246324/content.html), [contemporaneous trim-by-trim comparison](https://auto.ifeng.com/c/8hTAGcZCpzi), [Car — US price/specification source](https://www.hyundaiusa.com/us/en/vehicles/kona-electric/sel) [Car — China price/specification source](https://www.byd.com/cn/dynasty-home/models/yuan/2-yuan-plus)"
Gym,month,239.00,33.46,20.66,0.62,-62.0,"China: RMB 239 monthly voucher estimate; eligibility/checkout unverified. US steady state: (12×$15+$49 annual fee)×1.0825/12 =$20.657708. First year adds $29 startup: $23.27375/month. Basic cardio/resistance utility; hours, equipment and heavy-barbell suitability differ. [LeFit official service description](https://www.leoao.com/join), [Texas Comptroller's gym-fee guidance](https://comptroller.texas.gov/taxes/tax-policy-news/2022-february.php), [Local PF equipment and hours](https://www.planetfitness.com/gyms/houston-greater-heights-tx) [Gym — China price/specification source](https://m.dongfangfuli.com/birthday/goods/detail/792?city=145), [Gym — US price/specification source](https://www.planetfitness.com/gyms/houston-greater-heights-tx/offers)"
Transport,month,245.00,34.30,125.00,3.64,72.6,"52 one-way transit journeys plus four extra short taxis. China metro: 52×RMB 4×0.9 =187.20; buses/short-taxi scenarios support a rounded total 245 (range 235–255). US: 48 paid journeys×$1.25 =60, plus approximately$65 for four short taxis with assumed tip/waiting, giving 125 (range 120–130). Route access is conditional; this is not equal network coverage. [Chengdu Metro ticket policy](https://www.sohu.com/a/770510717_99960714), [Chengdu public-transport operator disclosure, printed p.70](https://pdf.dfcfw.com/pdf/H2_AN202402201622418984_1.pdf), [Houston 2026 meter rates](https://www.houstontx.gov/ara/vfh/vfhdocs/2026-Taxicab-Meter-Rate-Increase.pdf) [Transport — China price/specification source](https://static.sse.com.cn/disclosure/bond/announcement/company/c/new/2026-03-10/244772_20260310_VR8Y.pdf), [Transport — US price/specification source](https://www.ridemetro.org/fares/all-about-fares)"
Groceries,month,650.00,91.00,400.00,4.40,77.3,"China ingredient build is detailed under “The grocery basket”: (554.89+40)×1.10 =654.379, rounded650. US July 2026 USDA Low-Cost/Moderate-Cost adult plans: 276.10,317.40,337.10,398.70 multiplied by 1.20 for a single-person household =331.32,380.88,404.52,478.44. Choose400 as a working point, not the average of those four figures. Men-only lower alternatives are nearer380; 330 is a female-inclusive sensitivity. Different local diets and methods, not equal nutrient optimization. [National Food and Nutrition Advisory Committee, 2022 guidelines](https://sfncc.caas.cn/xyyw/79c86454ef84437eb3e0df055deffd56.htm), [Penglai government](https://www.penglai.gov.cn/art/2025/9/30/art_61800_2988842.html), [Weihai supermarket monitoring, 20 November 2025](https://fgw.weihai.gov.cn/art/2025/11/20/art_53889_5946466.html), [Fruit monitoring](https://www.chinaprice.cn/spxyfx/58902.jhtml), [Yuanqu January 2026 monitoring](https://xxgk.yczf.gov.cn/xzf/ycfzggj/fdzdgknr/gzdt/202601/P020260129560074762183.pdf), [USDA methodology](https://www.fna.usda.gov/cnpp/thrifty-food-plan-2021) [Groceries — China price/specification source](https://www.chinaprice.cn/spxyfx/58895.jhtml), [Groceries — US price/specification source](https://www.fna.usda.gov/research/cnpp/usda-food-plans/cost-food-monthly-reports)"
Eating out,month,180.00,25.20,86.48,3.43,70.9,"China: 350–450g mixed cafeteria dishes at RMB 2.53/50g +RMB 2 rice =19.71–24.77; use22.50×8 meals =180. US: $9.99 chicken bowl×1.0825 =10.814175; rounded10.81×8 =86.48. Eight counter-service meals without drinks/tips/delivery. Groceries are reduced for displaced cooking below. [Eating out — China price/specification source](https://finance.sina.com.cn/roll/2026-09-17/doc-iniscekc4138164.shtml), [Eating out — US price/specification source](https://cabobobsburritos.toast.site/order/cabo-bobs-burritos-houston-1810-fountain-view-dr/item-bowl-chicken_b402fe86-cab4-4048-a429-152e3f1df9a0)"
Employee health contribution [unequal benefits],month,120.00,16.80,120.00,7.14,86.0,"China: assumed RMB 6,000 contribution base×2% employee rate =120/month. US: rounded KFF employee single-coverage contribution $120/month. Employer contributions are excluded. Networks, deductibles and benefits differ. Do not count the employee premium again if comparing spending against a wage already net of that deduction. [Hospital reproduction of municipal rules](https://www.cdcj120.com/sys-nd/49.html), [municipal notice reproduced by 蓉城政事, 11 October 2025](https://thirdpage.thepaper.cn/h5/jrtt/31757886), [Health insurance — US price/specification source](https://www.kff.org/health-costs/2025-employer-health-benefits-survey/) [Health insurance — China price/specification source](https://chinajob.mohrss.gov.cn/c/2022-10-31/363561.shtml)"
Two visits + blood count [limited basket],year,47.00,6.58,220.00,33.43,97.0,"China: 2×(RMB 12 consultation+1 registration)+14.50 blood count+6.50 collection =47/year. US planning point: 2×$100 visits+$20 CBC =220/year, within a120–320 service-price range. Divide each by 12 for 3.916667/18.333333 monthly. A narrow self-pay illustration; drugs, chronic illness, hospital, dental and emergencies excluded. Insurance may change actual patient charges. [Routine medical basket — US price/specification source](https://trshealth.org/pricing/), [Dr Van Tran laboratory prices](https://www.drvantran.com/contents/services/more-services/chronic-diseases) [Routine medical basket — China price/specification source](https://upload.cdzxy.com/2025/0519/20250519032954236.pdf)"
Flagship phone,purchase,4999.00,699.86,974.24,1.39,28.2,"China Xiaomi17Pro256GB benchmark RMB 4,999. US OnePlus13 256GB benchmark $899.99×1.0825 =$974.239175. Saving28.16%. Flagship capability, not identical cameras, size, processor generation or software support. These are dated launch/retail benchmarks. [Apple launch and pricing](https://www.apple.com/newsroom/2025/09/apple-unveils-iphone-17-pro-and-iphone-17-pro-max/), [Flagship phone — US manufacturer launch and price](https://community.oneplus.com/thread/1734468328384102406), [OnePlus protection services](https://www.oneplus.com/us/support/product/protection-service) [Flagship phone — China dated launch/price report](https://www.ithome.com/0/886/197.htm)"
Entry phone,purchase,999.00,139.86,216.49,1.55,35.4,"China RedmiNote15 benchmark RMB 999; US GalaxyA16 $199.99×1.0825 =$216.489175. Useful OLED daily phone; RAM, battery and support differ. Historical US benchmark, with later-model/promotion alternatives in the range. [Entry phone — China dated launch/price report](https://www.ithome.com/0/877/108.htm), [Entry phone — US manufacturer launch and price](https://news.samsung.com/us/samsung-galaxy-a16-5g-galaxy-fit3-now-available-in-us/)"
Premium laptop,purchase,8300.00,1161.99,1407.24,1.21,17.4,"China RMB 8,300 planning price within 7,799–8,799; US $1,299.99×1.0825 =$1,407.239175. Both Ultra7 255H/32GB/1TB. IPS versus OLED, battery and weight differ; no invented dollar quality adjustment. [launch coverage](https://www.ithome.com/0/845/063.htm), [Xiaomi’s product/specification pages](https://www.mi.com/prod/redmi-books/16-pro-2025/specs), [ASUS manufacturer page](https://www.asus.com/laptops/for-home/vivobook/asus-vivobook-s-16-oled-s5606/) [Premium laptop — China price/specification source](https://wiki.smzdm.com/p/pgpgdq7/), [Premium laptop — US price/specification source](https://www.newegg.com/asus-vivobook-s-16-3k-oled-intel-core-ultra-7-255h-32gb-1tb-ssd-win11home-s5606ca-ns79/p/N82E16834236727)"
Entry laptop,purchase,3799.00,531.86,757.74,1.42,29.8,"China conservative RMB 3,799 allowance despite an indexed exact listing at 3,499. US opened$699.99×1.0825 =$757.739175; historical$499.99 sale yields541.239175 in sensitivity. Both 16GB/512GB useful Windows laptops; CPU/display size differ. [26 May 2025 launch coverage](https://www.ithome.com/0/856/037.htm) [Entry laptop — China price/specification source](https://item.jd.com/product/9HLWdH_xxTBbhK6B9kgjEw.html), [Entry laptop — US price/specification source](https://www.bestbuy.com/product/acer-aspire-go-15-15-6-fhd-laptop-amd-ryzen-7-7730u-2023-amd-radeon-graphics-16gb-ddr4-512gb-pcie-storage-pure-silver/JJ8V8HLR76/sku/6667612)"
TV Mini LED,purchase,3058.00,428.12,649.49,1.52,34.1,"Modern55-inch: RMB 3,058 China 55S595C / US 55QM6K $599.99×1.0825 =$649.489175. Basic55-inch alternate: RMB 1,799 / Insignia$199.99×1.0825 =$216.489175. Modern comparison is provisional: Chinese native refresh and exact-model picture parity unconfirmed. US original testing was75-inch. Chinese brands remain valid US local purchases. [Best Buy offer](https://www.bestbuy.com/product/insignia-55-class-f50-series-led-4k-uhd-smart-fire-tv/6607832), [RTINGS original tests and size caveats](https://www.rtings.com/tv/reviews/tcl/qm6k) [TV Mini LED — China price/specification source](https://detail.youzan.com/show/goods?alias=36bfou2xyo0n7cc&from_source=gbox_seo), [TV Mini LED — US price/specification source](https://us.tcl.com/products/qm6k-series-qd-mini-led-qled-4k-uhd-smart-tv-with-google-tv)"
Dishwasher,purchase,3499.00,489.86,702.54,1.43,30.3,"China MijiaS20 RMB 3,499 dated unsubsidised benchmark. US Midea $649×1.0825 =$702.5425; expired$499 sale gives540.1675 sensitivity. Family-size machines with drying aids; 16 Chinese sets versus 14 US place settings are not an identical test. Installation excluded. [Dishwasher — China price/specification source](https://www.mi.com/shop/buy/detail?product_id=21709), [Dishwasher — US price/specification source](https://www.lowes.com/pd/Midea-24-built-in-dishwasher-47dBA-SS/5015622687)"
Washer front-loader,purchase,1599.00,223.86,789.14,3.53,71.6,"China Haier10 kg front-loader reference RMB 1,599. US Samsung4.5cuft retailer anchor$729×1.0825 =$789.1425. Both wash/rinse/spin with heated front-loading service; capacity measures and real wash results differ. This excludes a dryer and installation. [Washer front-loader — China price/specification source](https://www.haier.com/laundry/20240726_248196.shtml), [Washer front-loader — US price/specification source](https://www.homedepot.com/p/313846213)"
Fridge,purchase,1899.00,265.86,757.75,2.85,64.9,"China Mijia636L RMB 1,899; US Insignia20.5cuft planning price$700×1.0825 =$757.75. US 700 is within quoted600–950 range, not a guaranteed live checkout. Fresh/freezer splits and capacity tests differ. No delivery/installation in this row. [Fridge — China dated launch/price report](https://www.ithome.com/0/912/097.htm), [Fridge — US price/specification source](https://www.bestbuy.com/product/insignia-20-5-cu-ft-top-freezer-refrigerator-with-energy-star-certification-stainless-steel/J2FPJKPLQS)"
Furniture basket,purchase,4404.98,616.69,958.00,1.55,35.6,"China: complete bed999 +mattress1,499 +sofa1,299 +table249 +2chairs×59.99 =4,165.98; add assumed239 delivery =4,404.98. US: bed179 +Walmart mattress198 +sofa349 +table69.99 +2chairs×15 =825.99; add 59 delivery, then×1.0825 =958.001475. Self-assembly, limited basket; bedding/storage/kitchenware not included. Firmness, comfort and lifetime not proven equal. [Furniture basket — China price/specification source](https://www.ikea.cn/cn/zh/p/vihals-wei-ha-si-chuang-jia-bai-se-lu-rui-s49581846/), [China mattress](https://www.ikea.cn/cn/zh/p/50470060/?artType=ART), [China sofa](https://www.ikea.cn/cn/zh/p/klippan-ke-li-pa-shuang-ren-sha-fa-wei-suo-er-hui-se-s49010615/), [China table and chair prices](https://www.ikea.cn/cn/zh/cat/sandsberg-sang-de-bei-li-xi-lie-54982/), [US bed](https://www.ikea.com/us/en/p/vihals-bed-frame-white-luroey-s19581838/), [US sofa](https://www.ikea.com/us/en/p/klippan-loveseat-vissle-gray-s09010617/), [US dining furniture](https://www.ikea.com/us/en/cat/sandsberg-series-54982/), [China delivery](https://www.ikea.cn/cn/zh/customer-service/services/delivery/), [US delivery](https://www.ikea.com/us/en/customer-service/services/delivery/) [Furniture basket — US price/specification source](https://www.walmart.com/ip/53737447)"
Clothing basics,year,653.80,91.53,77.88,0.85,-17.5,"China: 4tees×49 +2jeans×169 +2underwear packs×59.90 =653.80. US: tees20 +2jeans×13.98 +six underwear23.98 =71.94; ×1.0825 =77.87505. One such basket per year is an assumption, not a complete wardrobe. China modal versus US cotton underwear and uncertain wash durability. [George single pair](https://www.walmart.com/ip/974623932), [Walmart six-pack](https://www.walmart.com/ip/Hanes-Men-s-Cotton-Boxer-Brief-Underwear-Pack-Moisture-Wicking-Assorted-Solids-6-Pack/13992920858), [Dated Yanxuan offer and conditions](https://finance.sina.com.cn/tech/roll/2026-04-20/doc-inhvcrnc8558889.shtml), [JD campaign](https://pro.jingxi.com/jx/active/2ARqFHqrb1EwBNRPEJJwQmRQ6nzg/index.html?ptag=139351.1.1), [page-price versus timed-sale record](https://m.smzdm.com/p/175450418/) [Clothing basics — China price/specification source](https://www.ithome.com/0/927/526.htm), [Clothing basics — US price/specification source](https://www.target.com/p/-/A-54244244)"
Running shoes,pair,399.00,55.86,73.61,1.32,24.1,"China Chitu8 current-price anchor RMB 399; US DuramoSpeed2 sale$68×1.0825 =$73.61. One pair/year assumed. Daily running function, with unverified fit/durability equivalence; neither country gets a racing-shoe premium. [Running shoes — China price/specification source](https://m.yougou.com/c-lining/sku-arpv001-yg101652799), [Running shoes — US price/specification source](https://www.adidas.com/us/duramo-speed-2-running-shoes/KJ2866.html)"
Basketball shoes,pair,300.00,42.00,83.32,1.98,49.6,"China RMB 300 promotional shopping allowance, range 200–380; US Nike GT Cut Academy$76.97×1.0825 =$83.320025. One pair/year only in hobby cases. Ordinary indoor-court utility; China point is not an exact latest-model checkout. [Basketball shoes — China price/specification source](https://www.smzdm.com/p/179864733/), [Basketball shoes — US price/specification source](https://www.nike.com/t/gt-cut-academy-basketball-shoes-HWCFvAob)"
Road bike [China build estimate],purchase,24500.00,3429.98,4599.54,1.34,25.4,"The Chinese RMB 24,500 working estimate combines a Winspace frame, Shimano 105 Di2, HYPER 3 wheels and remaining parts/labour; the working range is RMB 22,000–28,000. It is not a verified complete-bike quote. The model's US same-brand baseline is ($4,199 + $50 shipping) × 1.0825 = $4,599.5425, giving 1.34×. [Chinese component-price context](https://wiki.smzdm.com/p/7yvx89o/); [US Winspace offer](https://www.winspace.cc/products/t1550-gen2-105-di2). The separate Canyon alternative is ($4,999 + $99 shipping) × 1.0825 = $5,518.585, giving 1.61×, or 37.85% less for the estimated Chinese build. Both have 105 Di2 and carbon wheels/cockpits; Canyon also has a power meter and different wheels. [Canyon specifications and price](https://www.canyon.com/en-us/road-bikes/aero-bikes/aeroad/cf-slx/aeroad-cf-slx-7-di2/4531.html). Replacing the model's US bike with Canyon adds $919.0425 upfront or $9.57336 monthly over eight years. Covered car/hobby and owner multiples become 3.21× and 4.49× respectively. Entry and premium renter budgets are unaffected. [The alternative is not applied to the main price table or saved totals.]"
MONTHLY TOTAL · Entry renter,month,3778.13,528.94,2004.72,3.79,73.6,"Calculated from the sourced rows above. Entry phone/laptop/basic TV; rent, transit/taxis and specified personal expenses. China rent assumes supplied furniture; US adds a furniture provision. Phones 3 years; laptops 5; TV/furniture 7; dishwasher/washer/bike 8; fridge/car 10. Car residual 20%. Groceries deduct RMB60 / US$36 for eight displaced home meals. The basic TV alternate is RMB1799 / US$216.489175. These are specified-category budgets, not full household expenditure. Other routine allowance excluded. FX: [NBS 2025 annual average](https://www.stats.gov.cn/english/PressRelease/202602/t20260228_1962661.html)."
MONTHLY TOTAL · Premium renter,month,3979.25,557.09,2041.75,3.67,72.7,"Calculated from the sourced rows above. Entry-renter case with flagship phone, premium laptop and Mini LED TV. Phones 3 years; laptops 5; TV/furniture 7; dishwasher/washer/bike 8; fridge/car 10. Car residual 20%. Groceries deduct RMB60 / US$36 for eight displaced home meals. The basic TV alternate is RMB1799 / US$216.489175. These are specified-category budgets, not full household expenditure. Other routine allowance excluded. FX: [NBS 2025 annual average](https://www.stats.gov.cn/english/PressRelease/202602/t20260228_1962661.html)."
MONTHLY TOTAL · Renter + EV and hobbies,month,5786.46,810.10,2594.10,3.20,68.8,"Calculated from the sourced rows above. Premium-renter case with EV, bike and basketball shoes replacing transit; adds car running allowance of RMB800 / US$350 a month. Phones 3 years; laptops 5; TV/furniture 7; dishwasher/washer/bike 8; fridge/car 10. Car residual 20%. Groceries deduct RMB60 / US$36 for eight displaced home meals. The basic TV alternate is RMB1799 / US$216.489175. These are specified-category budgets, not full household expenditure. Other routine allowance excluded. FX: [NBS 2025 annual average](https://www.stats.gov.cn/english/PressRelease/202602/t20260228_1962661.html)."
MONTHLY TOTAL · Owner + EV and hobbies,month,7178.35,1004.96,4501.74,4.48,77.7,"Calculated from the sourced rows above. Car/hobby case replacing rent with ownership and adding appliance/furniture provisions. Entire home charged to one adult. 20% down, 30-year loan, 3.10% China / 6.95% US interest; principal is included in cash outflow. Phones 3 years; laptops 5; TV/furniture 7; dishwasher/washer/bike 8; fridge/car 10. Car residual 20%. Groceries deduct RMB60 / US$36 for eight displaced home meals. The basic TV alternate is RMB1799 / US$216.489175. These are specified-category budgets, not full household expenditure. Other routine allowance excluded. FX: [NBS 2025 annual average](https://www.stats.gov.cn/english/PressRelease/202602/t20260228_1962661.html)."
UPFRONT TOTAL · selected goods,one-time purchase,198058.98,27728.09,51712.32,1.86,46.4,"EV, flagship phone, premium laptop, Mini LED TV, dishwasher, washer, fridge, furniture and bike; one of each. Calculated from the sourced rows above. Excludes recurring bills, wardrobe/shoes, home closing costs and appliance installation. This is an alternative capital view; do not add to monthly replacement provisions."
UPFRONT TOTAL · goods + home,one-time purchase,1098058.98,153727.33,381712.32,2.48,59.7,"Selected-goods basket plus the local-home scenario. Calculated from the sourced rows above. Excludes recurring bills, wardrobe/shoes, home closing costs and appliance installation. This is an alternative capital view; do not add to monthly replacement provisions."
