category,china_RMB,us_USD,china_weight,multiple,weighted_contribution
Housing and household setup,2200,1236.4047794642856,0.5822981366459627,4.0143253178342935,2.3375341524656212
Gym,239,20.657708333333336,0.06325875211744778,0.6173888906032079,0.03905525079073441
Transit and taxis,245,125,0.06484683794466403,3.6443367346938773,0.23632371365047994
Groceries,590.0,364.0,0.1561617730095991,4.406806101694915,0.6881746541501976
Prepared meals,180.0,86.48,0.04764257481648786,3.4317666222222223,0.16349819805194807
Employee health premium,120,120,0.03176171654432524,7.1429,0.22687076510446075
Routine medical basket,3.9166666666666665,18.333333333333332,0.0010366671372106155,33.43485106382978,0.034660811335403725
Phone,27.75,6.013588194444444,0.007344896950875212,1.5479084365440439,0.011369227955806364
Laptop,63.31666666666667,12.62898625,0.01675871682665161,1.4247052258772044,0.02387623144192679
TV,21.416666666666668,2.577252083333333,0.005668584133258047,0.859566719348249,0.004872526266774157
Clothing,54.48333333333333,6.4895875,0.014420701581027666,0.8508010012924443,0.012269147344477873
Running shoes,33.25,6.134166666666666,0.008800642292490118,1.317766588972431,0.011597192374541218
